{
  "Hermes": 1778673914.5015996,
  "Cowork": 1778673954.906649,
  "Codex": 1778673936.4735045
}