{
  "Hermes": 1778673499.6946642,
  "Cowork": 1778673504.165725,
  "Codex": 1778673454.6087337
}