{
  "Hermes": 1778674873.9504426,
  "Cowork": 1778674878.440895,
  "Codex": 1778674881.682388
}